CODE,MRKS,MRKT,EXMK,DISTRICT,CROD,ORDV1,ORDV2,ORDV3,NAME,ALTN,COMM
BU34,COMM,PIN,Y,AK,2k4,-36.41330980,174.66985338,151.124,SM 6670 SO 62140,,
C5MH,COMM,IT,Y,AK,2k5,-36.41132630,174.67215746,154.516,IT 6669 SO 62140,,
C5MK,COMM,PIN,Y,AK,2k5,-36.40811060,174.67166544,140.672,SM 6667 SO 62138,,
DLL1,COMM,IT,Y,AK,2k5,-36.08821930,174.58516524,53.222,IT V DP 121860,,
DLLL,COMM,LP,Y,AK,2k5,-36.08268446,174.59231978,54.141,LP I SO 60868,,
DMJN,COMM,LP,Y,AK,2k5,-36.08233021,174.58922847,47.868,LP IV SO 61281,,
EH91,PEND,IT,N,AK,2k5,-36.41276352,174.66686644,149.662,IT 1 DP 402188,,
EHJJ,PEND,IT,N,AK,2k5,-36.08235914,174.58640631,109.763,IT I DP 339335,,
WHNG,COMM,OTHR,Y,AK,2k0,-35.80377146,174.31456670,172.815,Whangarei GPS,,
