WKT,
"POLYGON ((173.324704862295619 -41.009609797612455,173.326467354253367 -41.004711651188117,173.333681834709552 -41.004586857915982,173.33796022957128 -41.008114168603086,173.338128447417716 -41.014152051619561,173.330014094361189 -41.013186469146284,173.328376723674609 -41.015585703982296,173.325423088288517 -41.015906394766318,173.323286203771829 -41.0146110840764,173.323279587333644 -41.013257621019527,173.323274243870316 -41.012164491056005,173.325342543800247 -41.010945087043567,173.324795581894563 -41.01408625718063,173.327203976826581 -41.014704073978805,173.328223480239956 -41.012410751230142,173.327180799253682 -41.010019245683033,173.322034409724665 -41.011595400358864,173.318876081027526 -41.012176742067929,173.316663978766144 -41.009475965563162,173.321400074207304 -41.008317644235504,173.324704862295619 -41.009609797612455),(173.330669457936324 -41.008396461827147,173.328930485808883 -41.008511247263847,173.32890363536012 -41.010405568888139,173.330968169030996 -41.010152564529392,173.330669457936324 -41.008396461827147))"
"POLYGON ((533.339580172346274 -41.007519550447391,533.341000840119932 -41.008942886505096,533.338899551040612 -41.00908636862124,533.339580172346274 -41.007519550447391))"
