{
  "nparam": 6,
  "nimplicit_param": 0,
  "nobs": 12,
  "nconstraint": 0,
  "dof": 6,
  "ssr": 207.41757,
  "seu": 5.87959,
  "nparam":6,
  "parameters": [
    "1: north coordinate",
    "1: east coordinate",
    "1: height coordinate",
    "2: north coordinate",
    "2: east coordinate",
    "2: height coordinate"
  ],
  "covariance":
  [
      [5.00000009e-05,6.01373332e-09,1.84390147e-08,2.89011223e-05,-2.97422083e-07,-3.42069630e-07],
      [6.01373332e-09,2.00000000e-04,9.52985265e-09,2.18533191e-05,9.83220599e-05,-1.92113741e-06],
      [1.84390147e-08,9.52985265e-09,4.49999999e-04,2.51170506e-05,-1.95475589e-06,2.22780940e-04],
      [2.89011223e-05,2.18533191e-05,2.51170506e-05,5.00000003e-05,-1.71687342e-09,-5.26690056e-09],
      [-2.97422083e-07,9.83220599e-05,-1.95475589e-06,-1.71687342e-09,2.00000001e-04,-1.88253276e-08],
      [-3.42069630e-07,-1.92113741e-06,2.22780940e-04,-5.26690056e-09,-1.88253276e-08,4.49999998e-04]]
}
